<?xml version="1.0" encoding="UTF-8"?><!DOCTYPE Configure PUBLIC "-//Jetty//Configure//EN" "https://jetty.org/configure_9_3.dtd">

<!-- Simple handler to redirect from old path to new -->
<Configure class="org.eclipse.jetty.server.handler.MovedContextHandler">
  <Set name="contextPath">/oldContextPath</Set>
  <Set name="newContextURL">/test/dump/moved</Set>
  <Set name="permanent">false</Set>
  <Set name="discardPathInfo">false</Set>
  <Set name="discardQuery">false</Set>
  <Set name="expires">-1</Set>
</Configure>
