<?xml version="1.0"  encoding="ISO-8859-1"?><!DOCTYPE Configure PUBLIC "-//Jetty//Configure//EN" "https://jetty.org/configure_9_3.dtd">

<!-- An example context XML for a quickstart webapp
A quick started webapp has all the jar scanning and fragment resolution done in a 
Preconfigure phase, with all the discovered configuration encoded into a
WEB-INF/quickstart-web.xml file.

This allows very rapid and precise starting of a webapp, without the risk of accidental
deployment of other discovered resources.  This is above and beyond what is available 
with web.xml meta-data-complete, as it also prevents scanning for ServletContainer 
initialisers and any annotations/classes they require.

If autoPreconfigure is set to true, then the webapp will be preconfigured the first
time it is run.
 -->
<Configure class="org.eclipse.jetty.quickstart.QuickStartWebApp">
  <Set name="autoPreconfigure">true</Set>
  <Set name="contextPath">/</Set>
  <Set name="war"><Property name="jetty.webapps" default="."/>/application.war</Set>
  <!--
  <Call name="setInitParameter">
    <Arg>org.eclipse.jetty.jsp.precompiled</Arg>
    <Arg>true</Arg>
  </Call>
  -->
</Configure>
