<?xml version="1.0"?><!DOCTYPE Configure PUBLIC "-//Jetty//Configure//EN" "https://jetty.org/configure_9_3.dtd">

<!-- =============================================================== -->
<!-- Mixin the Weld / CDI classes to the class loader                -->
<!-- =============================================================== -->

<Configure id="Server" class="org.eclipse.jetty.server.Server">
  <!-- Bind the jetty-web-decorate.xml to every deployed webapp -->
  <Ref refid="DeploymentManager">
    <Call name="addLifeCycleBinding">
      <Arg>
        <New class="org.eclipse.jetty.deploy.bindings.GlobalWebappConfigBinding">
          <Set name="jettyXml"><Property name="jetty.home" default="." />/etc/jetty-web-decorate.xml
          </Set>
        </New>
      </Arg>
    </Call>
  </Ref>
</Configure>

