<?xml version="1.0"?><!DOCTYPE Configure PUBLIC "-//Jetty//Configure//EN" "https://jetty.org/configure_9_3.dtd">
<Configure id="Server" class="org.eclipse.jetty.server.Server">
  <Call name="addBean">
    <Arg>
      <New class="org.eclipse.jetty.server.ConnectionLimit">
        <Arg name= "maxConnections" type="int">
          <Property name="jetty.connectionlimit.maxConnections" deprecated="jetty.connection.limit" default="1000" />
        </Arg>
        <Arg name="server">
          <Ref refid="Server" />
        </Arg>
        <Set name="idleTimeout"><Property name="jetty.connectionlimit.idleTimeout" default="1000" /></Set>
      </New>
    </Arg>
  </Call>
</Configure>
