<?xml version="1.0"?>
<!DOCTYPE Configure PUBLIC "-//Jetty//Configure//EN" "https://jetty.org/configure_9_3.dtd">

<Configure id="Server" class="org.eclipse.jetty.server.Server">

  <!-- =========================================================== -->
  <!-- Get the platform MBeanServer                                -->
  <!-- =========================================================== -->
  <Call id="MBeanServer" class="java.lang.management.ManagementFactory"
    name="getPlatformMBeanServer" />

  <!-- =========================================================== -->
  <!-- Initialize the Jetty MBeanContainer                         -->
  <!-- =========================================================== -->
  <Call name="addBean">
    <Arg>
      <New id="MBeanContainer" class="org.eclipse.jetty.jmx.MBeanContainer">
        <Arg>
          <Ref refid="MBeanServer" />
        </Arg>
      </New>
    </Arg>
  </Call>

  <!-- Add the static log -->
  <Call name="addBean">
    <Arg>
      <Get class="org.eclipse.jetty.util.log.Log" name="Log" />
    </Arg>
  </Call>
</Configure>

