<?xml version="1.0"?><!DOCTYPE Configure PUBLIC "-//Jetty//Configure//EN" "https://jetty.org/configure_9_3.dtd">

<Configure id="Server" class="org.eclipse.jetty.server.Server">
  <Get class="org.eclipse.jetty.util.log.Log" name="rootLogger">
    <Call name="warn"><Arg>cdi2 module is deprecated!</Arg></Call>
  </Get>
  <Ref refid="DeploymentManager">
    <Call name="addLifeCycleBinding">
      <Arg>
        <New class="org.eclipse.jetty.deploy.bindings.GlobalWebappConfigBinding">
          <Set name="jettyXml"><Property name="jetty.home" default="." />/etc/cdi/jetty-web-cdi2.xml
          </Set>
        </New>
      </Arg>
    </Call>
  </Ref>
</Configure>

